64a2682e68e46445fad46334,6478a2e090e054ed836f69f4,title,message,category,false,Mon Jul 03 2023 14:18:22 GMT+0800 (China Standard Time),Mon Jul 03 2023 14:18:22 GMT+0800 (China Standard Time),0
64a2682e68e46445fad4633a,648060a67312728670b955d1,title,message,category,false,Mon Jul 03 2023 14:18:22 GMT+0800 (China Standard Time),Mon Jul 03 2023 14:18:22 GMT+0800 (China Standard Time),0
64a2682e68e46445fad46339,6480600fbb20c9a92549c8c0,title,message,category,false,Mon Jul 03 2023 14:18:22 GMT+0800 (China Standard Time),Mon Jul 03 2023 14:18:22 GMT+0800 (China Standard Time),0
64a2682e68e46445fad46338,647ff860402b8d9ff09e5cf0,title,message,category,false,Mon Jul 03 2023 14:18:22 GMT+0800 (China Standard Time),Mon Jul 03 2023 14:18:22 GMT+0800 (China Standard Time),0
64a269249a2d86c3a7a76e1e,6478a467c7fd97e8fb52e573,title,message,category,false,Mon Jul 03 2023 14:22:28 GMT+0800 (China Standard Time),Mon Jul 03 2023 14:22:28 GMT+0800 (China Standard Time),0
64a269249a2d86c3a7a76e1f,647ff607402b8d9ff09e5cdc,title,message,category,false,Mon Jul 03 2023 14:22:28 GMT+0800 (China Standard Time),Mon Jul 03 2023 14:22:28 GMT+0800 (China Standard Time),0
64a269249a2d86c3a7a76e1d,6478a2e090e054ed836f69f4,title,message,category,false,Mon Jul 03 2023 14:22:28 GMT+0800 (China Standard Time),Mon Jul 03 2023 14:22:28 GMT+0800 (China Standard Time),0
64a269249a2d86c3a7a76e23,648060a67312728670b955d1,title,message,category,false,Mon Jul 03 2023 14:22:28 GMT+0800 (China Standard Time),Mon Jul 03 2023 14:22:28 GMT+0800 (China Standard Time),0
64a269249a2d86c3a7a76e24,648070cf9a74896d21b7d494,title,message,category,false,Mon Jul 03 2023 14:22:28 GMT+0800 (China Standard Time),Mon Jul 03 2023 14:22:28 GMT+0800 (China Standard Time),0
64a269249a2d86c3a7a76e21,647ff860402b8d9ff09e5cf0,title,message,category,false,Mon Jul 03 2023 14:22:28 GMT+0800 (China Standard Time),Mon Jul 03 2023 14:22:28 GMT+0800 (China Standard Time),0
64a269249a2d86c3a7a76e22,6480600fbb20c9a92549c8c0,title,message,category,false,Mon Jul 03 2023 14:22:28 GMT+0800 (China Standard Time),Mon Jul 03 2023 14:22:28 GMT+0800 (China Standard Time),0
64a269339a2d86c3a7a76e54,6478a467c7fd97e8fb52e573,title,message,category,false,Mon Jul 03 2023 14:22:43 GMT+0800 (China Standard Time),Mon Jul 03 2023 14:22:43 GMT+0800 (China Standard Time),0
64a269339a2d86c3a7a76e55,647ff607402b8d9ff09e5cdc,title,message,category,false,Mon Jul 03 2023 14:22:43 GMT+0800 (China Standard Time),Mon Jul 03 2023 14:22:43 GMT+0800 (China Standard Time),0
64a269339a2d86c3a7a76e58,6480600fbb20c9a92549c8c0,title,message,category,false,Mon Jul 03 2023 14:22:43 GMT+0800 (China Standard Time),Mon Jul 03 2023 14:22:43 GMT+0800 (China Standard Time),0
64a269339a2d86c3a7a76e53,6478a2e090e054ed836f69f4,title,message,category,false,Mon Jul 03 2023 14:22:43 GMT+0800 (China Standard Time),Mon Jul 03 2023 14:22:43 GMT+0800 (China Standard Time),0
64a269339a2d86c3a7a76e57,647ff860402b8d9ff09e5cf0,title,message,category,false,Mon Jul 03 2023 14:22:43 GMT+0800 (China Standard Time),Mon Jul 03 2023 14:22:43 GMT+0800 (China Standard Time),0
64a269339a2d86c3a7a76e5a,648070cf9a74896d21b7d494,title,message,category,false,Mon Jul 03 2023 14:22:43 GMT+0800 (China Standard Time),Mon Jul 03 2023 14:22:43 GMT+0800 (China Standard Time),0
64a269339a2d86c3a7a76e59,648060a67312728670b955d1,title,message,category,false,Mon Jul 03 2023 14:22:43 GMT+0800 (China Standard Time),Mon Jul 03 2023 14:22:43 GMT+0800 (China Standard Time),0
64a2693b9a2d86c3a7a76e73,6480600fbb20c9a92549c8c0,title,message,category,false,Mon Jul 03 2023 14:22:51 GMT+0800 (China Standard Time),Mon Jul 03 2023 14:22:51 GMT+0800 (China Standard Time),0
64a2693b9a2d86c3a7a76e6f,6478a467c7fd97e8fb52e573,title,message,category,false,Mon Jul 03 2023 14:22:51 GMT+0800 (China Standard Time),Mon Jul 03 2023 14:22:51 GMT+0800 (China Standard Time),0
64a2693b9a2d86c3a7a76e75,648070cf9a74896d21b7d494,title,message,category,false,Mon Jul 03 2023 14:22:51 GMT+0800 (China Standard Time),Mon Jul 03 2023 14:22:51 GMT+0800 (China Standard Time),0
64a2693b9a2d86c3a7a76e70,647ff607402b8d9ff09e5cdc,title,message,category,false,Mon Jul 03 2023 14:22:51 GMT+0800 (China Standard Time),Mon Jul 03 2023 14:22:51 GMT+0800 (China Standard Time),0
64a2693b9a2d86c3a7a76e6e,6478a2e090e054ed836f69f4,title,message,category,false,Mon Jul 03 2023 14:22:51 GMT+0800 (China Standard Time),Mon Jul 03 2023 14:22:51 GMT+0800 (China Standard Time),0
64a2693b9a2d86c3a7a76e72,647ff860402b8d9ff09e5cf0,title,message,category,false,Mon Jul 03 2023 14:22:51 GMT+0800 (China Standard Time),Mon Jul 03 2023 14:22:51 GMT+0800 (China Standard Time),0
64a2693b9a2d86c3a7a76e74,648060a67312728670b955d1,title,message,category,false,Mon Jul 03 2023 14:22:51 GMT+0800 (China Standard Time),Mon Jul 03 2023 14:22:51 GMT+0800 (China Standard Time),0
64a2698c1a5548453cc7c69e,647ff607402b8d9ff09e5cdc,title,message,category,false,Mon Jul 03 2023 14:24:12 GMT+0800 (China Standard Time),Mon Jul 03 2023 14:24:12 GMT+0800 (China Standard Time),0
64a2698c1a5548453cc7c69d,6478a467c7fd97e8fb52e573,title,message,category,false,Mon Jul 03 2023 14:24:12 GMT+0800 (China Standard Time),Mon Jul 03 2023 14:24:12 GMT+0800 (China Standard Time),0
64a2698c1a5548453cc7c69c,6478a2e090e054ed836f69f4,title,message,category,false,Mon Jul 03 2023 14:24:12 GMT+0800 (China Standard Time),Mon Jul 03 2023 14:24:12 GMT+0800 (China Standard Time),0
64a2698c1a5548453cc7c6a2,648060a67312728670b955d1,title,message,category,false,Mon Jul 03 2023 14:24:12 GMT+0800 (China Standard Time),Mon Jul 03 2023 14:24:12 GMT+0800 (China Standard Time),0
64a2698c1a5548453cc7c6a3,648070cf9a74896d21b7d494,title,message,category,false,Mon Jul 03 2023 14:24:12 GMT+0800 (China Standard Time),Mon Jul 03 2023 14:24:12 GMT+0800 (China Standard Time),0
64a2698c1a5548453cc7c6a0,647ff860402b8d9ff09e5cf0,title,message,category,false,Mon Jul 03 2023 14:24:12 GMT+0800 (China Standard Time),Mon Jul 03 2023 14:24:12 GMT+0800 (China Standard Time),0
64a2698c1a5548453cc7c6a1,6480600fbb20c9a92549c8c0,title,message,category,false,Mon Jul 03 2023 14:24:12 GMT+0800 (China Standard Time),Mon Jul 03 2023 14:24:12 GMT+0800 (China Standard Time),0
64a288147d945525fdfdd12b,647ff607402b8d9ff09e5cdc,title,message,category,false,Mon Jul 03 2023 16:34:28 GMT+0800 (China Standard Time),Mon Jul 03 2023 16:34:28 GMT+0800 (China Standard Time),0
64a288147d945525fdfdd129,6478a2e090e054ed836f69f4,title,message,category,false,Mon Jul 03 2023 16:34:28 GMT+0800 (China Standard Time),Mon Jul 03 2023 16:34:28 GMT+0800 (China Standard Time),0
64a288147d945525fdfdd12a,6478a467c7fd97e8fb52e573,title,message,category,false,Mon Jul 03 2023 16:34:28 GMT+0800 (China Standard Time),Mon Jul 03 2023 16:34:28 GMT+0800 (China Standard Time),0
64a288147d945525fdfdd12f,648060a67312728670b955d1,title,message,category,false,Mon Jul 03 2023 16:34:28 GMT+0800 (China Standard Time),Mon Jul 03 2023 16:34:28 GMT+0800 (China Standard Time),0
64a288147d945525fdfdd12e,6480600fbb20c9a92549c8c0,title,message,category,false,Mon Jul 03 2023 16:34:28 GMT+0800 (China Standard Time),Mon Jul 03 2023 16:34:28 GMT+0800 (China Standard Time),0
64a288147d945525fdfdd130,648070cf9a74896d21b7d494,title,message,category,false,Mon Jul 03 2023 16:34:28 GMT+0800 (China Standard Time),Mon Jul 03 2023 16:34:28 GMT+0800 (China Standard Time),0
64a288147d945525fdfdd12d,647ff860402b8d9ff09e5cf0,title,message,category,false,Mon Jul 03 2023 16:34:28 GMT+0800 (China Standard Time),Mon Jul 03 2023 16:34:28 GMT+0800 (China Standard Time),0
64a288e464764de19e339a28,64788dfd295e2f184e55d20f,title,message,category,true,Mon Jul 03 2023 16:37:56 GMT+0800 (China Standard Time),Mon Jul 03 2023 16:39:53 GMT+0800 (China Standard Time),0
64a29d78376a8f41508c156e,6478a467c7fd97e8fb52e573,Discover the Latest Safety Tip,Explore the recently added safety tip: test,info,false,Mon Jul 03 2023 18:05:44 GMT+0800 (China Standard Time),Mon Jul 03 2023 18:05:44 GMT+0800 (China Standard Time),0
64a29d78376a8f41508c156c,64788dfd295e2f184e55d20f,Discover the Latest Safety Tip,Explore the recently added safety tip: test,info,false,Mon Jul 03 2023 18:05:44 GMT+0800 (China Standard Time),Mon Jul 03 2023 18:05:44 GMT+0800 (China Standard Time),0
64a29d78376a8f41508c156f,647ff607402b8d9ff09e5cdc,Discover the Latest Safety Tip,Explore the recently added safety tip: test,info,false,Mon Jul 03 2023 18:05:44 GMT+0800 (China Standard Time),Mon Jul 03 2023 18:05:44 GMT+0800 (China Standard Time),0
64a29d78376a8f41508c156d,6478a2e090e054ed836f69f4,Discover the Latest Safety Tip,Explore the recently added safety tip: test,info,false,Mon Jul 03 2023 18:05:44 GMT+0800 (China Standard Time),Mon Jul 03 2023 18:05:44 GMT+0800 (China Standard Time),0
64a29d78376a8f41508c1572,6480600fbb20c9a92549c8c0,Discover the Latest Safety Tip,Explore the recently added safety tip: test,info,false,Mon Jul 03 2023 18:05:44 GMT+0800 (China Standard Time),Mon Jul 03 2023 18:05:44 GMT+0800 (China Standard Time),0
64a29d78376a8f41508c1574,648070cf9a74896d21b7d494,Discover the Latest Safety Tip,Explore the recently added safety tip: test,info,false,Mon Jul 03 2023 18:05:44 GMT+0800 (China Standard Time),Mon Jul 03 2023 18:05:44 GMT+0800 (China Standard Time),0
64a29d78376a8f41508c1573,648060a67312728670b955d1,Discover the Latest Safety Tip,Explore the recently added safety tip: test,info,false,Mon Jul 03 2023 18:05:44 GMT+0800 (China Standard Time),Mon Jul 03 2023 18:05:44 GMT+0800 (China Standard Time),0
64a29d78376a8f41508c1571,647ff860402b8d9ff09e5cf0,Discover the Latest Safety Tip,Explore the recently added safety tip: test,info,false,Mon Jul 03 2023 18:05:44 GMT+0800 (China Standard Time),Mon Jul 03 2023 18:05:44 GMT+0800 (China Standard Time),0
64a2ac8abda3260ab0b07750,647ff607402b8d9ff09e5cdc,Discover the Latest Safety Tip,Explore the recently added safety tip: test,info,false,Mon Jul 03 2023 19:10:02 GMT+0800 (China Standard Time),Mon Jul 03 2023 19:10:02 GMT+0800 (China Standard Time),0
64a2ac8abda3260ab0b0774f,6478a467c7fd97e8fb52e573,Discover the Latest Safety Tip,Explore the recently added safety tip: test,info,false,Mon Jul 03 2023 19:10:02 GMT+0800 (China Standard Time),Mon Jul 03 2023 19:10:02 GMT+0800 (China Standard Time),0
64a2ac8abda3260ab0b0774e,6478a2e090e054ed836f69f4,Discover the Latest Safety Tip,Explore the recently added safety tip: test,info,false,Mon Jul 03 2023 19:10:02 GMT+0800 (China Standard Time),Mon Jul 03 2023 19:10:02 GMT+0800 (China Standard Time),0
64a2ac8abda3260ab0b0774d,64788dfd295e2f184e55d20f,Discover the Latest Safety Tip,Explore the recently added safety tip: test,info,false,Mon Jul 03 2023 19:10:02 GMT+0800 (China Standard Time),Mon Jul 03 2023 19:10:02 GMT+0800 (China Standard Time),0
64a2ac8abda3260ab0b07754,648060a67312728670b955d1,Discover the Latest Safety Tip,Explore the recently added safety tip: test,info,false,Mon Jul 03 2023 19:10:02 GMT+0800 (China Standard Time),Mon Jul 03 2023 19:10:02 GMT+0800 (China Standard Time),0
64a2ac8abda3260ab0b07753,6480600fbb20c9a92549c8c0,Discover the Latest Safety Tip,Explore the recently added safety tip: test,info,false,Mon Jul 03 2023 19:10:02 GMT+0800 (China Standard Time),Mon Jul 03 2023 19:10:02 GMT+0800 (China Standard Time),0
64a2ac8abda3260ab0b07755,648070cf9a74896d21b7d494,Discover the Latest Safety Tip,Explore the recently added safety tip: test,info,false,Mon Jul 03 2023 19:10:02 GMT+0800 (China Standard Time),Mon Jul 03 2023 19:10:02 GMT+0800 (China Standard Time),0
64a2ac8abda3260ab0b07752,647ff860402b8d9ff09e5cf0,Discover the Latest Safety Tip,Explore the recently added safety tip: test,info,false,Mon Jul 03 2023 19:10:02 GMT+0800 (China Standard Time),Mon Jul 03 2023 19:10:02 GMT+0800 (China Standard Time),0
